{
  "context_ttest": {
    "t": 14.565934579255488,
    "p": 7.563822433836766e-47
  },
  "context_mwu": {
    "u": 2541088.5,
    "p": 1.146819131428751e-49
  }
}