polysemy,count,mean,std
monosemous,568,0.9820560052151411,0.005809273242502069
polysemous,248,0.9834206058613716,0.005450705980053113
unknown,3184,0.9837135007445836,0.005584569844401301
