lang_pair,label,count,mean
en-ar,F,500,0.9821039130687713
en-ar,T,500,0.9839079350233078
en-fr,F,500,0.9838662608861923
en-fr,T,500,0.9865161443948746
en-ru,F,500,0.983257350564003
en-ru,T,500,0.9859084348678588
en-zh,F,500,0.9795513867139817
en-zh,T,500,0.9825683896541595
