label,count,mean,std
F,2000,0.982194727808237,0.005856779125103594
T,2000,0.9847252259850502,0.005104936593487633
