{
  "timestamp": "2026-02-15T19:47:06.985026",
  "model": "xlm-roberta-base",
  "device": "cuda",
  "batch_size": 64,
  "dev_threshold": 0.9750000000000001,
  "dev_accuracy": 0.503,
  "crosslingual_accuracy": 0.53,
  "stats": {
    "static_similarity": {
      "mismatch": {
        "count": 8000,
        "mean": 0.3746868350589648,
        "std": 0.09373652784376657,
        "min": 0.10019879043102264,
        "max": 0.7573854327201843
      },
      "translation": {
        "count": 8000,
        "mean": 0.513093678927049,
        "std": 0.16458839197308067,
        "min": 0.18517816066741943,
        "max": 1.000000238418579
      }
    },
    "contextual_similarity": {
      "F": {
        "count": 2000,
        "mean": 0.982194727808237,
        "std": 0.005856779125103631,
        "min": 0.948572039604187,
        "max": 0.9959222674369812
      },
      "T": {
        "count": 2000,
        "mean": 0.9847252259850502,
        "std": 0.005104936593487661,
        "min": 0.9388348460197449,
        "max": 0.997173011302948
      }
    },
    "polysemy_contextual": {
      "monosemous": {
        "count": 568,
        "mean": 0.9820560052151411,
        "std": 0.005809273242502094,
        "min": 0.9609841108322144,
        "max": 0.9946287274360657
      },
      "polysemous": {
        "count": 248,
        "mean": 0.9834206058613716,
        "std": 0.005450705980053078,
        "min": 0.9667982459068298,
        "max": 0.9941054582595825
      },
      "unknown": {
        "count": 3184,
        "mean": 0.9837135007445836,
        "std": 0.005584569844401448,
        "min": 0.9388348460197449,
        "max": 0.997173011302948
      }
    },
    "contextual_ttest": {
      "t": 14.56593457925549,
      "p": 7.56382243383649e-47
    },
    "contextual_mwu": {
      "u": 2541088.5,
      "p": 1.146819131428751e-49
    },
    "static_polysemy_ttest": {
      "t": -1.0760422858818712,
      "p": 0.2819559573838215
    }
  }
}