pair_type,count,mean,std
mismatch,8000,0.3746868350589648,0.09373652784376638
translation,8000,0.513093678927049,0.16458839197308098
