polysemy,count,mean,std
monosemous,4338,0.43566439047442046,0.14528729018405215
polysemous,2560,0.4318154353764839,0.14246902224613558
unknown,9102,0.45120681953925246,0.15510741975723186
